{"cameraMode":{"drawMode":0,"name":"Shaded","section":"Shading Mode"},"sceneLighting":true,"audioPlay":false,"sceneViewState":{"showFog":true,"showMaterialUpdate":false,"showSkybox":true,"showFlares":true,"showImageEffects":true,"showParticleSystems":true},"in2DMode":false,"pivot":{"x":-0.40139487385749819,"y":1.594569206237793,"z":-2.905198812484741},"rotation":{"x":-0.03127584978938103,"y":0.937512993812561,"z":-0.08744096010923386,"w":-0.33532947301864626},"size":9.451505661010743,"orthographic":false}