{"cameraMode":{"drawMode":0,"name":"Shaded","section":"Shading Mode"},"sceneLighting":true,"audioPlay":false,"sceneViewState":{"showFog":true,"showMaterialUpdate":false,"showSkybox":true,"showFlares":true,"showImageEffects":true,"showParticleSystems":true},"in2DMode":false,"pivot":{"x":37.593536376953128,"y":-56.40300750732422,"z":-41.590614318847659},"rotation":{"x":0.2299557626247406,"y":0.08309037238359451,"z":-0.019709471613168718,"w":0.9694505333900452},"size":166.90029907226563,"orthographic":true}