{"cameraMode":{"drawMode":0,"name":"Shaded","section":"Shading Mode"},"sceneLighting":false,"audioPlay":false,"sceneViewState":{"showFog":true,"showMaterialUpdate":false,"showSkybox":true,"showFlares":true,"showImageEffects":true,"showParticleSystems":true},"in2DMode":false,"pivot":{"x":1.8098163604736329,"y":-1.185495138168335,"z":-4.427032947540283},"rotation":{"x":0.06845127046108246,"y":0.9172406792640686,"z":-0.18002595007419587,"w":0.34871116280555727},"size":7.912508010864258,"orthographic":false}