{"cameraMode":{"drawMode":0,"name":"Shaded","section":"Shading Mode"},"sceneLighting":true,"audioPlay":false,"sceneViewState":{"showFog":true,"showMaterialUpdate":false,"showSkybox":true,"showFlares":true,"showImageEffects":true,"showParticleSystems":true},"in2DMode":false,"pivot":{"x":18.998634338378908,"y":-10.562088966369629,"z":-3.3783388137817385},"rotation":{"x":-0.17290948331356049,"y":-0.7714713215827942,"z":0.23611079156398774,"w":-0.5649680495262146},"size":36.7122917175293,"orthographic":false}