{"cameraMode":{"drawMode":0,"name":"Shaded","section":"Shading Mode"},"sceneLighting":true,"audioPlay":false,"sceneViewState":{"showFog":true,"showMaterialUpdate":false,"showSkybox":true,"showFlares":true,"showImageEffects":true,"showParticleSystems":true},"in2DMode":false,"pivot":{"x":10.36198902130127,"y":-1.0970231294631959,"z":3.2253239154815676},"rotation":{"x":-0.1024656742811203,"y":-0.6111922264099121,"z":0.08021628111600876,"w":-0.7807137966156006},"size":15.629044532775879,"orthographic":false}