{"cameraMode":{"drawMode":0,"name":"Shaded","section":"Shading Mode"},"sceneLighting":true,"audioPlay":false,"sceneViewState":{"showFog":true,"showMaterialUpdate":false,"showSkybox":true,"showFlares":true,"showImageEffects":true,"showParticleSystems":true},"in2DMode":false,"pivot":{"x":-0.6921484470367432,"y":-3.5774970054626467,"z":-2.408262252807617},"rotation":{"x":0.007837202399969101,"y":0.9296327829360962,"z":-0.36787232756614687,"w":0.01980508677661419},"size":50.545135498046878,"orthographic":false}