{"cameraMode":{"drawMode":0,"name":"Shaded","section":"Shading Mode"},"sceneLighting":false,"audioPlay":false,"sceneViewState":{"showFog":true,"showMaterialUpdate":false,"showSkybox":true,"showFlares":true,"showImageEffects":true,"showParticleSystems":true},"in2DMode":false,"pivot":{"x":-0.5313053131103516,"y":0.8761678338050842,"z":-1.04288911819458},"rotation":{"x":-0.003949588164687157,"y":0.8696604371070862,"z":0.007074062712490559,"w":0.49365952610969546},"size":5.038769245147705,"orthographic":false}