{"cameraMode":{"drawMode":0,"name":"Shaded","section":"Shading Mode"},"sceneLighting":true,"audioPlay":false,"sceneViewState":{"showFog":true,"showMaterialUpdate":false,"showSkybox":true,"showFlares":true,"showImageEffects":true,"showParticleSystems":true},"in2DMode":false,"pivot":{"x":-0.35399770736694338,"y":0.7736948728561401,"z":1.059725046157837},"rotation":{"x":-0.1951216459274292,"y":0.0341196209192276,"z":-0.006792551837861538,"w":-0.980170488357544},"size":11.307461738586426,"orthographic":true}