{"cameraMode":{"drawMode":0,"name":"Shaded","section":"Shading Mode"},"sceneLighting":true,"audioPlay":false,"sceneViewState":{"showFog":true,"showMaterialUpdate":false,"showSkybox":true,"showFlares":true,"showImageEffects":true,"showParticleSystems":true},"in2DMode":false,"pivot":{"x":5.236007213592529,"y":1.0221209526062012,"z":-0.47377318143844607},"rotation":{"x":0.12693166732788087,"y":0.13053476810455323,"z":-0.016855157911777498,"w":0.9831452965736389},"size":7.708945274353027,"orthographic":true}