{"cameraMode":{"drawMode":0,"name":"Shaded","section":"Shading Mode"},"sceneLighting":false,"audioPlay":false,"sceneViewState":{"showFog":true,"showMaterialUpdate":false,"showSkybox":true,"showFlares":true,"showImageEffects":true,"showParticleSystems":true},"in2DMode":false,"pivot":{"x":0.4965077042579651,"y":1.363982915878296,"z":-1.8311938047409058},"rotation":{"x":0.06845127046108246,"y":0.9172406792640686,"z":-0.18002595007419587,"w":0.34871116280555727},"size":4.77351188659668,"orthographic":false}