{"cameraMode":{"drawMode":0,"name":"Shaded","section":"Shading Mode"},"sceneLighting":true,"audioPlay":false,"sceneViewState":{"showFog":true,"showMaterialUpdate":false,"showSkybox":true,"showFlares":true,"showImageEffects":true,"showParticleSystems":true},"in2DMode":false,"pivot":{"x":154.64572143554688,"y":90.7681884765625,"z":74.85052490234375},"rotation":{"x":0.10196863859891892,"y":-0.8309063911437988,"z":0.162350594997406,"w":0.5224615931510925},"size":235.85781860351563,"orthographic":true}