{"cameraMode":{"drawMode":0,"name":"Shaded","section":"Shading Mode"},"sceneLighting":true,"audioPlay":false,"sceneViewState":{"showFog":true,"showMaterialUpdate":false,"showSkybox":true,"showFlares":true,"showImageEffects":true,"showParticleSystems":true},"in2DMode":false,"pivot":{"x":1.9639816284179688,"y":4.268653869628906,"z":-0.8928215503692627},"rotation":{"x":-0.17862246930599214,"y":0.651265561580658,"z":-0.16166196763515473,"w":-0.7195920944213867},"size":58.351348876953128,"orthographic":false}